rte_consumption_scenario,rte_production_scenario,year,lcia_method,impact,impact_unit,process,absolute_lca,contrib_absolute_lca,contrib_lca_ratio,absolute_lca_per_kwh,contrib_absolute_lca_per_kwh
reference,m0,2019,"AESA (PBs-LCIA), 0.9.1, atmospheric aerosol loading, AOD (Global)",AAL,AOD,EU electricity market imports,0.0001561052027738,3.2340811253972687e-06,0.020717317987687611,3.2781436953566671e-16,1.5885213285777737e-15
reference,m0,2019,"AESA (PBs-LCIA), 0.9.1, atmospheric aerosol loading, AOD (Global)",AAL,AOD,Other life cycle contributions,0.0001561052027738,1.4087083615066833e-19,9.024096163841086e-16,3.2781436953566671e-16,
reference,m0,2019,"AESA (PBs-LCIA), 0.9.1, atmospheric aerosol loading, AOD (Global)",AAL,AOD,Transmission corona,0.0001561052027738,0,0,3.2781436953566671e-16,
reference,m0,2019,"AESA (PBs-LCIA), 0.9.1, atmospheric aerosol loading, AOD (Global)",AAL,AOD,coal,0.0001561052027738,5.3600086948394697e-06,0.034335874779306649,3.2781436953566671e-16,3.7649790880102452e-15
reference,m0,2019,"AESA (PBs-LCIA), 0.9.1, atmospheric aerosol loading, AOD (Global)",AAL,AOD,"electricity production, hydro, reservoir, alpine region",0.0001561052027738,4.221730031908854e-07,0.0027044134064040373,3.2781436953566671e-16,5.4915352071240988e-17
reference,m0,2019,"AESA (PBs-LCIA), 0.9.1, atmospheric aerosol loading, AOD (Global)",AAL,AOD,"electricity production, hydro, run-of-river",0.0001561052027738,2.4191207434623223e-06,0.015496733616032538,3.2781436953566671e-16,5.9937904626977644e-17
reference,m0,2019,"AESA (PBs-LCIA), 0.9.1, atmospheric aerosol loading, AOD (Global)",AAL,AOD,"electricity production, nuclear, pressure water reactor",0.0001561052027738,6.8054996566741573e-05,0.43595597941315778,3.2781436953566671e-16,2.0180776061119373e-16
reference,m0,2019,"AESA (PBs-LCIA), 0.9.1, atmospheric aerosol loading, AOD (Global)",AAL,AOD,"electricity production, photovoltaic",0.0001561052027738,6.1276982596101885e-06,0.039253645302836981,3.2781436953566671e-16,5.9368549637031806e-16
reference,m0,2019,"AESA (PBs-LCIA), 0.9.1, atmospheric aerosol loading, AOD (Global)",AAL,AOD,"electricity production, wind, 1-3MW turbine, onshore",0.0001561052027738,4.9669178490739651e-06,0.031817759823618064,3.2781436953566671e-16,1.6466615153862404e-16
reference,m0,2019,"AESA (PBs-LCIA), 0.9.1, atmospheric aerosol loading, AOD (Global)",AAL,AOD,fuel oil,0.0001561052027738,4.7955115387513422e-06,0.030719741901877207,3.2781436953566671e-16,2.3432798668665629e-15
reference,m0,2019,"AESA (PBs-LCIA), 0.9.1, atmospheric aerosol loading, AOD (Global)",AAL,AOD,"heat and power co-generation, wood chips, 6667 kW",0.0001561052027738,4.125133205060514e-05,0.26425340935227676,3.2781436953566671e-16,4.7795091733116637e-15
reference,m0,2019,"AESA (PBs-LCIA), 0.9.1, atmospheric aerosol loading, AOD (Global)",AAL,AOD,natural gas,0.0001561052027738,1.4018328915279202e-05,0.089800523404668847,3.2781436953566671e-16,4.0815582403222936e-16
reference,m0,2019,"AESA (PBs-LCIA), 0.9.1, atmospheric aerosol loading, AOD (Global)",AAL,AOD,transmission network construction,0.0001561052027738,5.4550340268485092e-06,0.034944601012132682,3.2781436953566671e-16,
reference,m0,2019,"AESA (PBs-LCIA), 0.9.1, biogeochemical flows, nitrogen, inverse modelling, surface water",N,Tg N yr-1,EU electricity market imports,0.043299745444682,0.00041077725731327071,0.0094868284581040574,9.0927646880322011e-14,2.0176625422665404e-13
reference,m0,2019,"AESA (PBs-LCIA), 0.9.1, biogeochemical flows, nitrogen, inverse modelling, surface water",N,Tg N yr-1,Other life cycle contributions,0.043299745444682,1.8668830746825859e-07,4.3115336025881262e-06,9.0927646880322011e-14,
reference,m0,2019,"AESA (PBs-LCIA), 0.9.1, biogeochemical flows, nitrogen, inverse modelling, surface water",N,Tg N yr-1,Transmission corona,0.043299745444682,0,0,9.0927646880322011e-14,
reference,m0,2019,"AESA (PBs-LCIA), 0.9.1, biogeochemical flows, nitrogen, inverse modelling, surface water",N,Tg N yr-1,coal,0.043299745444682,0.0004733653535953333,0.010932289525814549,9.0927646880322011e-14,3.3250144892304338e-13
reference,m0,2019,"AESA (PBs-LCIA), 0.9.1, biogeochemical flows, nitrogen, inverse modelling, surface water",N,Tg N yr-1,"electricity production, hydro, reservoir, alpine region",0.043299745444682,5.8577116487702127e-06,0.00013528281953190205,9.0927646880322011e-14,7.6195847458876951e-16
reference,m0,2019,"AESA (PBs-LCIA), 0.9.1, biogeochemical flows, nitrogen, inverse modelling, surface water",N,Tg N yr-1,"electricity production, hydro, run-of-river",0.043299745444682,2.1722603295577689e-05,0.00050167969978783379,9.0927646880322011e-14,5.3821510484671761e-16
reference,m0,2019,"AESA (PBs-LCIA), 0.9.1, biogeochemical flows, nitrogen, inverse modelling, surface water",N,Tg N yr-1,"electricity production, nuclear, pressure water reactor",0.043299745444682,0.041549457490144902,0.95957740775235745,9.0927646880322011e-14,1.2320921892148406e-13
reference,m0,2019,"AESA (PBs-LCIA), 0.9.1, biogeochemical flows, nitrogen, inverse modelling, surface water",N,Tg N yr-1,"electricity production, photovoltaic",0.043299745444682,0.00024496395330818549,0.0056573993863576295,9.0927646880322011e-14,2.3733470554699641e-14
reference,m0,2019,"AESA (PBs-LCIA), 0.9.1, biogeochemical flows, nitrogen, inverse modelling, surface water",N,Tg N yr-1,"electricity production, wind, 1-3MW turbine, onshore",0.043299745444682,8.2372075258163962e-05,0.0019023685800508732,9.0927646880322011e-14,2.7308469838160842e-15
reference,m0,2019,"AESA (PBs-LCIA), 0.9.1, biogeochemical flows, nitrogen, inverse modelling, surface water",N,Tg N yr-1,fuel oil,0.043299745444682,1.8347716290520718e-05,0.00042373727840873838,9.0927646880322011e-14,8.96543232960983e-15
reference,m0,2019,"AESA (PBs-LCIA), 0.9.1, biogeochemical flows, nitrogen, inverse modelling, surface water",N,Tg N yr-1,"heat and power co-generation, wood chips, 6667 kW",0.043299745444682,0.00010312751276101342,0.0023817117560832996,9.0927646880322011e-14,1.1948678230734507e-14
reference,m0,2019,"AESA (PBs-LCIA), 0.9.1, biogeochemical flows, nitrogen, inverse modelling, surface water",N,Tg N yr-1,natural gas,0.043299745444682,0.00027189326337006024,0.0062793270624978631,9.0927646880322011e-14,7.9164085555600375e-15
reference,m0,2019,"AESA (PBs-LCIA), 0.9.1, biogeochemical flows, nitrogen, inverse modelling, surface water",N,Tg N yr-1,transmission network construction,0.043299745444682,0.00011767381938874022,0.0027176561474033497,9.0927646880322011e-14,
reference,m0,2019,"AESA (PBs-LCIA), 0.9.1, biogeochemical flows, phosphorus",P GLO,Tg P yr-1,EU electricity market imports,8.1359316794433491e-05,5.7895184108431905e-07,0.007115987005484911,1.7085114824426911e-16,2.8437052508026953e-16
reference,m0,2019,"AESA (PBs-LCIA), 0.9.1, biogeochemical flows, phosphorus",P GLO,Tg P yr-1,Other life cycle contributions,8.1359316794433491e-05,-1.1381556488480176e-19,-1.3989247866027912e-15,1.7085114824426911e-16,
reference,m0,2019,"AESA (PBs-LCIA), 0.9.1, biogeochemical flows, phosphorus",P GLO,Tg P yr-1,Transmission corona,8.1359316794433491e-05,0,0,1.7085114824426911e-16,
reference,m0,2019,"AESA (PBs-LCIA), 0.9.1, biogeochemical flows, phosphorus",P GLO,Tg P yr-1,coal,8.1359316794433491e-05,2.3421005585467672e-07,0.0028787121756005344,1.7085114824426911e-16,1.6451390523734869e-16
reference,m0,2019,"AESA (PBs-LCIA), 0.9.1, biogeochemical flows, phosphorus",P GLO,Tg P yr-1,"electricity production, hydro, reservoir, alpine region",8.1359316794433491e-05,1.4238803945088506e-07,0.0017501135095646118,1.7085114824426911e-16,1.8521528515740296e-17
reference,m0,2019,"AESA (PBs-LCIA), 0.9.1, biogeochemical flows, phosphorus",P GLO,Tg P yr-1,"electricity production, hydro, run-of-river",8.1359316794433491e-05,8.8075853887830302e-07,0.010825540006729303,1.7085114824426911e-16,2.1822317652117295e-17
reference,m0,2019,"AESA (PBs-LCIA), 0.9.1, biogeochemical flows, phosphorus",P GLO,Tg P yr-1,"electricity production, nuclear, pressure water reactor",8.1359316794433491e-05,7.8333087348525359e-06,0.096280414382590801,1.7085114824426911e-16,2.3228602949170561e-17
reference,m0,2019,"AESA (PBs-LCIA), 0.9.1, biogeochemical flows, phosphorus",P GLO,Tg P yr-1,"electricity production, photovoltaic",8.1359316794433491e-05,6.9303928863228411e-06,0.085182535441312976,1.7085114824426911e-16,6.7145501727394903e-16
reference,m0,2019,"AESA (PBs-LCIA), 0.9.1, biogeochemical flows, phosphorus",P GLO,Tg P yr-1,"electricity production, wind, 1-3MW turbine, onshore",8.1359316794433491e-05,3.9807529664644603e-06,0.048928053028301964,1.7085114824426911e-16,1.3197223935072529e-16
reference,m0,2019,"AESA (PBs-LCIA), 0.9.1, biogeochemical flows, phosphorus",P GLO,Tg P yr-1,fuel oil,8.1359316794433491e-05,9.3123072483341439e-07,0.011445901483985029,1.7085114824426911e-16,4.5503679665359157e-16
reference,m0,2019,"AESA (PBs-LCIA), 0.9.1, biogeochemical flows, phosphorus",P GLO,Tg P yr-1,"heat and power co-generation, wood chips, 6667 kW",8.1359316794433491e-05,4.8823825572809459e-05,0.60010122376236485,1.7085114824426911e-16,5.6568821078321204e-15
reference,m0,2019,"AESA (PBs-LCIA), 0.9.1, biogeochemical flows, phosphorus",P GLO,Tg P yr-1,natural gas,8.1359316794433491e-05,9.7065833916929457e-06,0.11930512415951185,1.7085114824426911e-16,2.8261560751753519e-16
reference,m0,2019,"AESA (PBs-LCIA), 0.9.1, biogeochemical flows, phosphorus",P GLO,Tg P yr-1,transmission network construction,8.1359316794433491e-05,1.3169140421897497e-06,0.016186395044554398,1.7085114824426911e-16,
reference,m0,2019,"AESA (PBs-LCIA), 0.9.1, change in biosphere integrity, functional diversity, total",BI FD,%BII loss,EU electricity market imports,0.019612535456771801,0.00018261713515962296,0.0093112456348202061,4.1185500748946558e-14,8.9698187187271682e-14
reference,m0,2019,"AESA (PBs-LCIA), 0.9.1, change in biosphere integrity, functional diversity, total",BI FD,%BII loss,Other life cycle contributions,0.019612535456771801,1.7893400223408135e-07,9.1234507964802251e-06,4.1185500748946558e-14,
reference,m0,2019,"AESA (PBs-LCIA), 0.9.1, change in biosphere integrity, functional diversity, total",BI FD,%BII loss,Transmission corona,0.019612535456771801,0.00015194718807746139,0.0077474525622844535,4.1185500748946558e-14,
reference,m0,2019,"AESA (PBs-LCIA), 0.9.1, change in biosphere integrity, functional diversity, total",BI FD,%BII loss,coal,0.019612535456771801,0.00034878663542903515,0.017783862581041573,4.1185500748946558e-14,2.449948243239809e-13
reference,m0,2019,"AESA (PBs-LCIA), 0.9.1, change in biosphere integrity, functional diversity, total",BI FD,%BII loss,"electricity production, hydro, reservoir, alpine region",0.019612535456771801,3.329209523034842e-05,0.0016974906331579556,4.1185500748946558e-14,4.3305638137558488e-15
reference,m0,2019,"AESA (PBs-LCIA), 0.9.1, change in biosphere integrity, functional diversity, total",BI FD,%BII loss,"electricity production, hydro, run-of-river",0.019612535456771801,0.00018672557188418264,0.009520725777436909,4.1185500748946558e-14,4.6264493201728041e-15
reference,m0,2019,"AESA (PBs-LCIA), 0.9.1, change in biosphere integrity, functional diversity, total",BI FD,%BII loss,"electricity production, nuclear, pressure water reactor",0.019612535456771801,0.00063931153555323993,0.03259708755975755,4.1185500748946558e-14,1.8957906962249186e-15
reference,m0,2019,"AESA (PBs-LCIA), 0.9.1, change in biosphere integrity, functional diversity, total",BI FD,%BII loss,"electricity production, photovoltaic",0.019612535456771801,0.00020996760374238506,0.010705785807509534,4.1185500748946558e-14,2.0342829520682109e-14
reference,m0,2019,"AESA (PBs-LCIA), 0.9.1, change in biosphere integrity, functional diversity, total",BI FD,%BII loss,"electricity production, wind, 1-3MW turbine, onshore",0.019612535456771801,0.00015306585385762894,0.0078044908673334471,4.1185500748946558e-14,5.0745282794233391e-15
reference,m0,2019,"AESA (PBs-LCIA), 0.9.1, change in biosphere integrity, functional diversity, total",BI FD,%BII loss,fuel oil,0.019612535456771801,0.00046525164705272647,0.023722157090713365,4.1185500748946558e-14,2.2734067236726201e-13
reference,m0,2019,"AESA (PBs-LCIA), 0.9.1, change in biosphere integrity, functional diversity, total",BI FD,%BII loss,"heat and power co-generation, wood chips, 6667 kW",0.019612535456771801,0.012510642628565109,0.63789012165917813,4.1185500748946558e-14,1.4495224332118998e-12
reference,m0,2019,"AESA (PBs-LCIA), 0.9.1, change in biosphere integrity, functional diversity, total",BI FD,%BII loss,natural gas,0.019612535456771801,0.0045608160433748806,0.23254596803291569,4.1185500748946558e-14,1.3279212106468187e-13
reference,m0,2019,"AESA (PBs-LCIA), 0.9.1, change in biosphere integrity, functional diversity, total",BI FD,%BII loss,transmission network construction,0.019612535456771801,0.00016993258484294355,0.0086644883430545619,4.1185500748946558e-14,
reference,m0,2019,"AESA (PBs-LCIA), 0.9.1, climate change, atmospheric CO2 concentration",aCO2,ppm,EU electricity market imports,0.75102459772829855,0.016520843802964844,0.021997739958101427,1.577120112817235e-12,8.1147354471129555e-12
reference,m0,2019,"AESA (PBs-LCIA), 0.9.1, climate change, atmospheric CO2 concentration",aCO2,ppm,Other life cycle contributions,0.75102459772829855,-1.9834613730022731e-15,-2.6410072040274753e-15,1.577120112817235e-12,
reference,m0,2019,"AESA (PBs-LCIA), 0.9.1, climate change, atmospheric CO2 concentration",aCO2,ppm,Transmission corona,0.75102459772829855,0,0,1.577120112817235e-12,
reference,m0,2019,"AESA (PBs-LCIA), 0.9.1, climate change, atmospheric CO2 concentration",aCO2,ppm,coal,0.75102459772829855,0.039131554597733625,0.052104224969593368,1.577120112817235e-12,2.7486799579929901e-11
reference,m0,2019,"AESA (PBs-LCIA), 0.9.1, climate change, atmospheric CO2 concentration",aCO2,ppm,"electricity production, hydro, reservoir, alpine region",0.75102459772829855,0.0012260125387809039,0.0016324532411978918,1.577120112817235e-12,1.5947706201487782e-13
reference,m0,2019,"AESA (PBs-LCIA), 0.9.1, climate change, atmospheric CO2 concentration",aCO2,ppm,"electricity production, hydro, run-of-river",0.75102459772829855,0.0045759836876414269,0.0060929877682873185,1.577120112817235e-12,1.1337791823147576e-13
reference,m0,2019,"AESA (PBs-LCIA), 0.9.1, climate change, atmospheric CO2 concentration",aCO2,ppm,"electricity production, nuclear, pressure water reactor",0.75102459772829855,0.055231969624350029,0.073542157995112087,1.577120112817235e-12,1.6378283250811102e-13
reference,m0,2019,"AESA (PBs-LCIA), 0.9.1, climate change, atmospheric CO2 concentration",aCO2,ppm,"electricity production, photovoltaic",0.75102459772829855,0.01253601096953833,0.016691878012327816,1.577120112817235e-12,1.2145584817722938e-12
reference,m0,2019,"AESA (PBs-LCIA), 0.9.1, climate change, atmospheric CO2 concentration",aCO2,ppm,"electricity production, wind, 1-3MW turbine, onshore",0.75102459772829855,0.012643268590503156,0.016834693069636537,1.577120112817235e-12,4.1915699935616347e-13
reference,m0,2019,"AESA (PBs-LCIA), 0.9.1, climate change, atmospheric CO2 concentration",aCO2,ppm,fuel oil,0.75102459772829855,0.053013450596365745,0.070588168159499684,1.577120112817235e-12,2.5904504754435614e-11
reference,m0,2019,"AESA (PBs-LCIA), 0.9.1, climate change, atmospheric CO2 concentration",aCO2,ppm,"heat and power co-generation, wood chips, 6667 kW",0.75102459772829855,0.01257827528776723,0.016748153556906172,1.577120112817235e-12,1.457358565986352e-12
reference,m0,2019,"AESA (PBs-LCIA), 0.9.1, climate change, atmospheric CO2 concentration",aCO2,ppm,natural gas,0.75102459772829855,0.52784910582898736,0.70283863860867801,1.577120112817235e-12,1.5368785256521501e-11
reference,m0,2019,"AESA (PBs-LCIA), 0.9.1, climate change, atmospheric CO2 concentration",aCO2,ppm,transmission network construction,0.75102459772829855,0.015718122203667972,0.020928904660662506,1.577120112817235e-12,
reference,m0,2019,"AESA (PBs-LCIA), 0.9.1, climate change, energy imbalance at top-of-atmosphere",EI,W m-2,EU electricity market imports,0.0100884316560064,0.00021902915838225103,0.021710922554730946,2.118528277182458e-14,1.0758310511699205e-13
reference,m0,2019,"AESA (PBs-LCIA), 0.9.1, climate change, energy imbalance at top-of-atmosphere",EI,W m-2,Other life cycle contributions,0.0100884316560064,3.0052445045488927e-18,2.9789015845288946e-16,2.118528277182458e-14,
reference,m0,2019,"AESA (PBs-LCIA), 0.9.1, climate change, energy imbalance at top-of-atmosphere",EI,W m-2,Transmission corona,0.0100884316560064,0.00011391316959450613,0.01129146466752194,2.118528277182458e-14,
reference,m0,2019,"AESA (PBs-LCIA), 0.9.1, climate change, energy imbalance at top-of-atmosphere",EI,W m-2,coal,0.0100884316560064,0.00051682017539981401,0.051228991088234435,2.118528277182458e-14,3.6302499929051336e-13
reference,m0,2019,"AESA (PBs-LCIA), 0.9.1, climate change, energy imbalance at top-of-atmosphere",EI,W m-2,"electricity production, hydro, reservoir, alpine region",0.0100884316560064,1.6417004695698358e-05,0.0016273098986524909,2.118528277182458e-14,2.1354884988026288e-15
reference,m0,2019,"AESA (PBs-LCIA), 0.9.1, climate change, energy imbalance at top-of-atmosphere",EI,W m-2,"electricity production, hydro, run-of-river",0.0100884316560064,6.0736948925535252e-05,0.0060204550118921592,2.118528277182458e-14,1.504863063106328e-15
reference,m0,2019,"AESA (PBs-LCIA), 0.9.1, climate change, energy imbalance at top-of-atmosphere",EI,W m-2,"electricity production, nuclear, pressure water reactor",0.0100884316560064,0.0007454601444916698,0.073892570214106709,2.118528277182458e-14,2.210559840924529e-15
reference,m0,2019,"AESA (PBs-LCIA), 0.9.1, climate change, energy imbalance at top-of-atmosphere",EI,W m-2,"electricity production, photovoltaic",0.0100884316560064,0.00016980275657833594,0.01683143251282667,2.118528277182458e-14,1.6451435686493309e-14
reference,m0,2019,"AESA (PBs-LCIA), 0.9.1, climate change, energy imbalance at top-of-atmosphere",EI,W m-2,"electricity production, wind, 1-3MW turbine, onshore",0.0100884316560064,0.00016923137629425657,0.016774795336349475,2.118528277182458e-14,5.6104570884222236e-15
reference,m0,2019,"AESA (PBs-LCIA), 0.9.1, climate change, energy imbalance at top-of-atmosphere",EI,W m-2,fuel oil,0.0100884316560064,0.00070459285670463093,0.0698416642675211,2.118528277182458e-14,3.4429241637966051e-13
reference,m0,2019,"AESA (PBs-LCIA), 0.9.1, climate change, energy imbalance at top-of-atmosphere",EI,W m-2,"heat and power co-generation, wood chips, 6667 kW",0.0100884316560064,0.00017394937253941193,0.017242459330717358,2.118528277182458e-14,2.0154321822230005e-14
reference,m0,2019,"AESA (PBs-LCIA), 0.9.1, climate change, energy imbalance at top-of-atmosphere",EI,W m-2,natural gas,0.0100884316560064,0.0069864442869882167,0.69252035650443866,2.118528277182458e-14,2.0341639451059398e-13
reference,m0,2019,"AESA (PBs-LCIA), 0.9.1, climate change, energy imbalance at top-of-atmosphere",EI,W m-2,transmission network construction,0.0100884316560064,0.00021203440541207199,0.0210175786130079,2.118528277182458e-14,
reference,m0,2019,"AESA (PBs-LCIA), 0.9.1, freshwater use, global",FWU,km3 yr-1,EU electricity market imports,1.3822364724622609,0.013475835613128623,0.0097492982435366561,2.9026385393816741e-12,6.619083276466632e-12
reference,m0,2019,"AESA (PBs-LCIA), 0.9.1, freshwater use, global",FWU,km3 yr-1,Other life cycle contributions,1.3822364724622609,8.9729959935637314e-06,6.49165043198404e-06,2.9026385393816741e-12,
reference,m0,2019,"AESA (PBs-LCIA), 0.9.1, freshwater use, global",FWU,km3 yr-1,Transmission corona,1.3822364724622609,0,0,2.9026385393816741e-12,
reference,m0,2019,"AESA (PBs-LCIA), 0.9.1, freshwater use, global",FWU,km3 yr-1,coal,1.3822364724622609,0.0027999528596446355,0.0020256684839584007,2.9026385393816741e-12,1.9667438178078689e-12
reference,m0,2019,"AESA (PBs-LCIA), 0.9.1, freshwater use, global",FWU,km3 yr-1,"electricity production, hydro, reservoir, alpine region",1.3822364724622609,0.23217401721279915,0.16796982414970835,2.9026385393816741e-12,3.0200694503586752e-11
reference,m0,2019,"AESA (PBs-LCIA), 0.9.1, freshwater use, global",FWU,km3 yr-1,"electricity production, hydro, run-of-river",1.3822364724622609,0.0017488207186699537,0.0012652109487131925,2.9026385393816741e-12,4.3330061026740641e-14
reference,m0,2019,"AESA (PBs-LCIA), 0.9.1, freshwater use, global",FWU,km3 yr-1,"electricity production, nuclear, pressure water reactor",1.3822364724622609,1.073575837939484,0.7766947691859547,2.9026385393816741e-12,3.1835419385890975e-12
reference,m0,2019,"AESA (PBs-LCIA), 0.9.1, freshwater use, global",FWU,km3 yr-1,"electricity production, photovoltaic",1.3822364724622609,0.0082439974157486103,0.0059642453227001617,2.9026385393816741e-12,7.9872433179396721e-13
reference,m0,2019,"AESA (PBs-LCIA), 0.9.1, freshwater use, global",FWU,km3 yr-1,"electricity production, wind, 1-3MW turbine, onshore",1.3822364724622609,0.0051553376438380734,0.0037297074317931729,2.9026385393816741e-12,1.7091275424475067e-13
reference,m0,2019,"AESA (PBs-LCIA), 0.9.1, freshwater use, global",FWU,km3 yr-1,fuel oil,1.3822364724622609,0.0025477435887865858,0.0018432038508202125,2.9026385393816741e-12,1.2449300161821455e-12
reference,m0,2019,"AESA (PBs-LCIA), 0.9.1, freshwater use, global",FWU,km3 yr-1,"heat and power co-generation, wood chips, 6667 kW",1.3822364724622609,0.001329861328251298,0.00096210840528779869,2.9026385393816741e-12,1.5408191933800857e-13
reference,m0,2019,"AESA (PBs-LCIA), 0.9.1, freshwater use, global",FWU,km3 yr-1,natural gas,1.3822364724622609,0.036064206579114355,0.026091198790950017,2.9026385393816741e-12,1.0500407033763332e-12
reference,m0,2019,"AESA (PBs-LCIA), 0.9.1, freshwater use, global",FWU,km3 yr-1,transmission network construction,1.3822364724622609,0.0051118885668021445,0.0036982735361453965,2.9026385393816741e-12,
reference,m0,2019,"AESA (PBs-LCIA), 0.9.1, land-system change, global",LSC,%,EU electricity market imports,2.2242059307098279e-06,5.1753278413172292e-08,0.023268204485299555,4.6707390396804203e-18,2.5420261086682984e-17
reference,m0,2019,"AESA (PBs-LCIA), 0.9.1, land-system change, global",LSC,%,Other life cycle contributions,2.2242059307098279e-06,6.845442194199518e-19,3.0777016191189095e-13,4.6707390396804203e-18,
reference,m0,2019,"AESA (PBs-LCIA), 0.9.1, land-system change, global",LSC,%,Transmission corona,2.2242059307098279e-06,0,0,4.6707390396804203e-18,
reference,m0,2019,"AESA (PBs-LCIA), 0.9.1, land-system change, global",LSC,%,coal,2.2242059307098279e-06,1.4290554498738284e-08,0.0064250141146677143,4.6707390396804203e-18,1.0037976038284834e-17
reference,m0,2019,"AESA (PBs-LCIA), 0.9.1, land-system change, global",LSC,%,"electricity production, hydro, reservoir, alpine region",2.2242059307098279e-06,-8.7557995891353298e-09,-0.0039365957388401637,4.6707390396804203e-18,-1.1389354920096074e-18
reference,m0,2019,"AESA (PBs-LCIA), 0.9.1, land-system change, global",LSC,%,"electricity production, hydro, run-of-river",2.2242059307098279e-06,-1.9920216031363693e-08,-0.0089561023807747872,4.6707390396804203e-18,-4.935578399147173e-19
reference,m0,2019,"AESA (PBs-LCIA), 0.9.1, land-system change, global",LSC,%,"electricity production, nuclear, pressure water reactor",2.2242059307098279e-06,2.943483135042096e-07,0.13233860652923984,4.6707390396804203e-18,8.7284956262814508e-19
reference,m0,2019,"AESA (PBs-LCIA), 0.9.1, land-system change, global",LSC,%,"electricity production, photovoltaic",2.2242059307098279e-06,2.3224472326605728e-08,0.01044169157448201,4.6707390396804203e-18,2.2501160789909323e-18
reference,m0,2019,"AESA (PBs-LCIA), 0.9.1, land-system change, global",LSC,%,"electricity production, wind, 1-3MW turbine, onshore",2.2242059307098279e-06,-1.0412019015627047e-08,-0.0046812297691806708,4.6707390396804203e-18,-3.4518531474588136e-19
reference,m0,2019,"AESA (PBs-LCIA), 0.9.1, land-system change, global",LSC,%,fuel oil,2.2242059307098279e-06,3.3299735997282775e-07,0.14971516592735445,4.6707390396804203e-18,1.627159069555449e-16
reference,m0,2019,"AESA (PBs-LCIA), 0.9.1, land-system change, global",LSC,%,"heat and power co-generation, wood chips, 6667 kW",2.2242059307098279e-06,1.8552546475901413e-07,0.083411999850124471,4.6707390396804203e-18,2.1495564303485912e-17
reference,m0,2019,"AESA (PBs-LCIA), 0.9.1, land-system change, global",LSC,%,natural gas,2.2242059307098279e-06,1.3009030424882435e-06,0.58488426117678605,4.6707390396804203e-18,3.7876922171077264e-17
reference,m0,2019,"AESA (PBs-LCIA), 0.9.1, land-system change, global",LSC,%,transmission network construction,2.2242059307098279e-06,6.0251479382457907e-08,0.02708898423053363,4.6707390396804203e-18,
reference,m0,2019,"AESA (PBs-LCIA), 0.9.1, ocean acidification, carbonate ion concentration",OA,aragonite saturation,EU electricity market imports,0.0022949393536699,5.0483568452110495e-05,0.021997778883080656,4.8192762571513519e-15,2.4796602843105501e-14
reference,m0,2019,"AESA (PBs-LCIA), 0.9.1, ocean acidification, carbonate ion concentration",OA,aragonite saturation,Other life cycle contributions,0.0022949393536699,0,0,4.8192762571513519e-15,
reference,m0,2019,"AESA (PBs-LCIA), 0.9.1, ocean acidification, carbonate ion concentration",OA,aragonite saturation,Transmission corona,0.0022949393536699,0,0,4.8192762571513519e-15,
reference,m0,2019,"AESA (PBs-LCIA), 0.9.1, ocean acidification, carbonate ion concentration",OA,aragonite saturation,coal,0.0022949393536699,0.00011957620757581623,0.052104299568787586,4.8192762571513519e-15,8.3992759448278091e-14
reference,m0,2019,"AESA (PBs-LCIA), 0.9.1, ocean acidification, carbonate ion concentration",OA,aragonite saturation,"electricity production, hydro, reservoir, alpine region",0.0022949393536699,3.7463636571144037e-06,0.0016324456030280242,4.8192762571513519e-15,4.8731888979701219e-16
reference,m0,2019,"AESA (PBs-LCIA), 0.9.1, ocean acidification, carbonate ion concentration",OA,aragonite saturation,"electricity production, hydro, run-of-river",0.0022949393536699,1.398295918934485e-05,0.0060929536839325711,4.8192762571513519e-15,3.4645202252037679e-16
reference,m0,2019,"AESA (PBs-LCIA), 0.9.1, ocean acidification, carbonate ion concentration",OA,aragonite saturation,"electricity production, nuclear, pressure water reactor",0.0022949393536699,0.00016877424065713819,0.073541917518319913,4.8192762571513519e-15,5.004768683289078e-16
reference,m0,2019,"AESA (PBs-LCIA), 0.9.1, ocean acidification, carbonate ion concentration",OA,aragonite saturation,"electricity production, photovoltaic",0.0022949393536699,3.8306757268062888e-05,0.016691838591205259,4.8192762571513519e-15,3.7113717483315433e-15
reference,m0,2019,"AESA (PBs-LCIA), 0.9.1, ocean acidification, carbonate ion concentration",OA,aragonite saturation,"electricity production, wind, 1-3MW turbine, onshore",0.0022949393536699,3.8634202555430446e-05,0.016834520046749575,4.8192762571513519e-15,1.2808235702448375e-15
reference,m0,2019,"AESA (PBs-LCIA), 0.9.1, ocean acidification, carbonate ion concentration",OA,aragonite saturation,fuel oil,0.0022949393536699,0.00016199674213602841,0.070588681080820295,4.8192762571513519e-15,7.9158125525856021e-14
reference,m0,2019,"AESA (PBs-LCIA), 0.9.1, ocean acidification, carbonate ion concentration",OA,aragonite saturation,"heat and power co-generation, wood chips, 6667 kW",0.0022949393536699,3.8428642155780636e-05,0.016744948878203839,4.8192762571513519e-15,4.4524634374489997e-15
reference,m0,2019,"AESA (PBs-LCIA), 0.9.1, ocean acidification, carbonate ion concentration",OA,aragonite saturation,natural gas,0.0022949393536699,0.001612979948186813,0.70284207972966817,4.8192762571513519e-15,4.6963312380394484e-14
reference,m0,2019,"AESA (PBs-LCIA), 0.9.1, ocean acidification, carbonate ion concentration",OA,aragonite saturation,transmission network construction,0.0022949393536699,4.8029721836260094e-05,0.020928536416203965,4.8192762571513519e-15,
reference,m0,2019,"AESA (PBs-LCIA), 0.9.1, ozone depletion, stratospheric O3 concentration",SOD,DU,EU electricity market imports,0.0004958608344867,3.9801911178179411e-06,0.0080268309997463573,1.0412869266769901e-15,1.9549968715426958e-15
reference,m0,2019,"AESA (PBs-LCIA), 0.9.1, ozone depletion, stratospheric O3 concentration",SOD,DU,Other life cycle contributions,0.0004958608344867,3.6839398967347355e-09,7.4293826826396514e-06,1.0412869266769901e-15,
reference,m0,2019,"AESA (PBs-LCIA), 0.9.1, ozone depletion, stratospheric O3 concentration",SOD,DU,Transmission corona,0.0004958608344867,0.00034615857409127214,0.69809621977828706,1.0412869266769901e-15,
reference,m0,2019,"AESA (PBs-LCIA), 0.9.1, ozone depletion, stratospheric O3 concentration",SOD,DU,coal,0.0004958608344867,2.1673023777442044e-06,0.0043707875819386493,1.0412869266769901e-15,1.5223572561467178e-15
reference,m0,2019,"AESA (PBs-LCIA), 0.9.1, ozone depletion, stratospheric O3 concentration",SOD,DU,"electricity production, hydro, reservoir, alpine region",0.0004958608344867,2.6426293006344589e-07,0.00053293769478084075,1.0412869266769901e-15,3.4374750953092341e-17
reference,m0,2019,"AESA (PBs-LCIA), 0.9.1, ozone depletion, stratospheric O3 concentration",SOD,DU,"electricity production, hydro, run-of-river",0.0004958608344867,4.1420176555564211e-07,0.00083531857478603077,1.0412869266769901e-15,1.0262565846406263e-17
reference,m0,2019,"AESA (PBs-LCIA), 0.9.1, ozone depletion, stratospheric O3 concentration",SOD,DU,"electricity production, nuclear, pressure water reactor",0.0004958608344867,1.7942321913864037e-05,0.036184188518210723,1.0412869266769901e-15,5.3205495382686597e-17
reference,m0,2019,"AESA (PBs-LCIA), 0.9.1, ozone depletion, stratospheric O3 concentration",SOD,DU,"electricity production, photovoltaic",0.0004958608344867,2.1102274824514814e-06,0.004255684933527619,1.0412869266769901e-15,2.0445057789981043e-16
reference,m0,2019,"AESA (PBs-LCIA), 0.9.1, ozone depletion, stratospheric O3 concentration",SOD,DU,"electricity production, wind, 1-3MW turbine, onshore",0.0004958608344867,1.9439843462490481e-06,0.0039204232539587474,1.0412869266769901e-15,6.4448100547446124e-17
reference,m0,2019,"AESA (PBs-LCIA), 0.9.1, ozone depletion, stratospheric O3 concentration",SOD,DU,fuel oil,0.0004958608344867,1.3415913646161957e-05,0.027055804195646349,1.0412869266769901e-15,6.5555551453941611e-15
reference,m0,2019,"AESA (PBs-LCIA), 0.9.1, ozone depletion, stratospheric O3 concentration",SOD,DU,"heat and power co-generation, wood chips, 6667 kW",0.0004958608344867,4.8448692970884669e-05,0.097706230460885821,1.0412869266769901e-15,5.6134180638127777e-15
reference,m0,2019,"AESA (PBs-LCIA), 0.9.1, ozone depletion, stratospheric O3 concentration",SOD,DU,natural gas,0.0004958608344867,5.7204067608976912e-05,0.11536314955826833,1.0412869266769901e-15,1.6655461213696634e-15
reference,m0,2019,"AESA (PBs-LCIA), 0.9.1, ozone depletion, stratospheric O3 concentration",SOD,DU,transmission network construction,0.0004958608344867,1.8074102957616298e-06,0.0036449950672805321,1.0412869266769901e-15,
reference,m0,2019,"IPCC 2021, climate change, global warming potential (GWP100)",GWP_100,kg CO2-eq,EU electricity market imports,31231222213.556915,660322944.10554326,0.021143038834353044,0.065584254962957084,0.32433851835785926
reference,m0,2019,"IPCC 2021, climate change, global warming potential (GWP100)",GWP_100,kg CO2-eq,Other life cycle contributions,31231222213.556915,0,0,0.065584254962957084,
reference,m0,2019,"IPCC 2021, climate change, global warming potential (GWP100)",GWP_100,kg CO2-eq,Transmission corona,31231222213.556915,670221904.17425036,0.021459996012686274,0.065584254962957084,
reference,m0,2019,"IPCC 2021, climate change, global warming potential (GWP100)",GWP_100,kg CO2-eq,coal,31231222213.556915,1563872124.3686025,0.050073996902040986,0.065584254962957084,1.0984955771128138
reference,m0,2019,"IPCC 2021, climate change, global warming potential (GWP100)",GWP_100,kg CO2-eq,"electricity production, hydro, reservoir, alpine region",31231222213.556915,51186446.520743713,0.0016389511166336804,0.065584254962957084,0.0066582223655125778
reference,m0,2019,"IPCC 2021, climate change, global warming potential (GWP100)",GWP_100,kg CO2-eq,"electricity production, hydro, run-of-river",31231222213.556915,181446060.95074147,0.0058097649752554027,0.065584254962957084,0.0044956402964145678
reference,m0,2019,"IPCC 2021, climate change, global warming potential (GWP100)",GWP_100,kg CO2-eq,"electricity production, nuclear, pressure water reactor",31231222213.556915,2280315047.7405977,0.073013954822131605,0.065584254962957084,0.0067619615970597128
reference,m0,2019,"IPCC 2021, climate change, global warming potential (GWP100)",GWP_100,kg CO2-eq,"electricity production, photovoltaic",31231222213.556915,514771736.25881255,0.01648259977591781,0.065584254962957084,0.049873949533789867
reference,m0,2019,"IPCC 2021, climate change, global warming potential (GWP100)",GWP_100,kg CO2-eq,"electricity production, wind, 1-3MW turbine, onshore",31231222213.556915,521538931.1862399,0.016699280214523566,0.065584254962957084,0.017290362209630566
reference,m0,2019,"IPCC 2021, climate change, global warming potential (GWP100)",GWP_100,kg CO2-eq,fuel oil,31231222213.556915,2169406030.4514155,0.069462732377784275,0.065584254962957084,1.0600590642176102
reference,m0,2019,"IPCC 2021, climate change, global warming potential (GWP100)",GWP_100,kg CO2-eq,"heat and power co-generation, wood chips, 6667 kW",31231222213.556915,552758281.7494725,0.017698900093302466,0.065584254962957084,0.064044314375193423
reference,m0,2019,"IPCC 2021, climate change, global warming potential (GWP100)",GWP_100,kg CO2-eq,natural gas,31231222213.556915,21411470159.574184,0.68557900210129619,0.065584254962957084,0.62341355375057772
reference,m0,2019,"IPCC 2021, climate change, global warming potential (GWP100)",GWP_100,kg CO2-eq,transmission network construction,31231222213.556915,653912546.47630811,0.020937782774074605,0.065584254962957084,
